Subject,Tracker,Status,Priority,Assigned to,Estimated time,Description,External ID,Depends on,Requirement,Category
Согласовать концепцию и границы,Требование,Новая,Normal,student_a,4,Подтверждены границы одного магазина и исключения; словарь и конфликты согласованы.,SM-01,,BR01–BR10,Анализ
Формализовать правила и критерии приёмки,Требование,Новая,Normal,student_a,5,Все функции имеют проверяемый критерий; составлена CRUD-матрица.,SM-02,SM-01,FR01–FR10,Анализ
Подготовить модели и архитектуру,Задача,Новая,Normal,student_b,6,UML/BPMN/ER согласованы; определены размещение и транзакция оплаты.,SM-03,SM-02,R01–R12,Анализ
Подготовить Linux VM и пользователей,Задача,Новая,Normal,student_c,4,Работают сеть и Docker; есть три участника и технический пользователь Git.,SM-04,SM-03,BR04; NFR08,Инфраструктура
Развернуть и настроить Redmine,Задача,Новая,Normal,student_b,5,"Проект закрытый; созданы роли, трекеры и workflow; импортированы 15 задач.",SM-05,SM-04,BR04,Инфраструктура
Организовать репозиторий Git Flow,Задача,Новая,Normal,student_c,3,Есть main/develop и ветки участников; пройден пример merge и release.,SM-06,SM-04,BR08; NFR08,Инфраструктура
Поднять технический Compose-стенд ЛР2,Задача,Новая,Normal,student_c,4,"PostgreSQL, FastAPI-заглушка и Nginx готовы; прикладного кода ЛР3 нет.",SM-07,SM-04,FR10; NFR08,Инфраструктура
Создать схему и роли PostgreSQL,Задача,Новая,Normal,student_c,7,"SQL создаёт связи, ограничения, индексы; роль API не имеет DDL.",SM-08,SM-03; SM-07,R01–R12; NFR06,База данных
Реализовать вход и права API,Задача,Новая,Normal,student_b,5,Пароли хешируются; сессии истекают и отзываются; запрещённые действия дают 403.,SM-09,SM-08,FR01; NFR06,Backend
Реализовать каталог и учёт остатков,Задача,Новая,Normal,student_b,6,"Поиск, курсоры, версии карточки и движения; сервер отклоняет недопустимые данные.",SM-10,SM-09,FR02–FR04,Backend
Реализовать чеки и атомарную оплату,Задача,Новая,Normal,student_b,8,Нет перепродажи последнего товара; повтор UUID/pay безопасен; снимок цены сохранён.,SM-11,SM-10,FR05–FR09,Backend
Создать React-каталог и рабочее место,Задача,Новая,Normal,student_a,8,"JSX, хуки, PropTypes, ошибки/загрузка/пустой результат, корзина и история работают.",SM-12,SM-09; SM-10,UI01–UI10,Frontend
Проверить большой набор и планы SQL,Задача,Новая,Normal,student_c,5,"100000 товаров и чеков; зафиксированы планы EXPLAIN и реальные размеры, без выдуманного p95.",SM-13,SM-10; SM-11,NFR01–NFR05,Проверка
Провести интеграционную приёмку,Задача,Новая,Normal,student_a,5,Пройдены API/UI/конкурентные проверки; составлен протокол и проверена копия БД.,SM-14,SM-11; SM-12; SM-13,FR01–FR10; NFR04,Проверка
Разработать docforge по варианту 12 ЛР4,Задача,Новая,Normal,student_a,6,"Bash create/list/merge/replace/rename/extension/delete/restore; справка, установка и тесты.",SM-15,,ЛР4 вариант12,Автоматизация
